{"stats":{"minecraft:picked_up":{"minecraft:beef":3,"minecraft:leather":1},"minecraft:custom":{"minecraft:jump":55,"minecraft:time_since_rest":10484,"minecraft:damage_dealt":300,"minecraft:leave_game":1,"minecraft:sprint_one_cm":6798,"minecraft:play_time":10484,"minecraft:walk_on_water_one_cm":424,"minecraft:time_since_death":10484,"minecraft:walk_one_cm":4427,"minecraft:total_world_time":10484,"minecraft:mob_kills":3,"minecraft:fall_one_cm":1579,"minecraft:fly_one_cm":13705},"minecraft:used":{"minecraft:netherite_sword":4},"minecraft:killed":{"minecraft:cow":3},"minecraft:mined":{"minecraft:grass":1}},"DataVersion":3465}