{"stats":{"minecraft:killed":{"minecraft:chicken":1,"minecraft:cow":3},"minecraft:used":{"minecraft:netherite_sword":4},"minecraft:custom":{"minecraft:jump":85,"minecraft:time_since_rest":15925,"minecraft:damage_dealt":340,"minecraft:leave_game":1,"minecraft:play_time":15925,"minecraft:sprint_one_cm":11170,"minecraft:time_since_death":15925,"minecraft:walk_on_water_one_cm":424,"minecraft:walk_one_cm":6645,"minecraft:total_world_time":15925,"minecraft:mob_kills":4,"minecraft:fall_one_cm":1579,"minecraft:fly_one_cm":23361},"minecraft:mined":{"minecraft:grass":1},"minecraft:picked_up":{"minecraft:beef":3,"minecraft:feather":1,"minecraft:chicken":1,"minecraft:leather":1}},"DataVersion":3465}