{"stats":{"minecraft:crafted":{"biomesoplenty:fir_planks":120,"minecraft:stone_shovel":1,"minecraft:charcoal":17,"minecraft:crafting_table":2,"minecraft:stick":16,"minecraft:wooden_pickaxe":1,"minecraft:stone_pickaxe":1,"minecraft:furnace":2,"minecraft:cooked_salmon":58,"minecraft:birch_planks":4,"minecraft:stone_axe":1,"minecraft:air":0},"minecraft:picked_up":{"minecraft:birch_log":1,"minecraft:stick":17,"minecraft:sweet_berries":9,"minecraft:potato":4,"minecraft:spruce_stairs":2,"biomesoplenty:fir_sapling":35,"biomesoplenty:fir_log":111,"minecraft:dirt":38,"minecraft:wheat_seeds":3,"delightful:green_tea_leaf":1,"minecraft:snowball":2,"minecraft:cobblestone":30},"minecraft:dropped":{"minecraft:wooden_pickaxe":1},"minecraft:custom":{"minecraft:time_since_rest":66,"minecraft:waystone_activated":1,"minecraft:interact_with_furnace":16,"minecraft:sprint_one_cm":103837,"minecraft:damage_taken":695,"minecraft:walk_one_cm":79839,"minecraft:drop":1,"minecraft:damage_dealt":98,"minecraft:interact_with_crafting_table":12,"minecraft:fly_one_cm":126057,"minecraft:open_barrel":2,"minecraft:open_chest":3,"minecraft:crouch_one_cm":2338,"minecraft:play_time":316465,"minecraft:deaths":1,"minecraft:sneak_time":1237,"minecraft:jump":765,"minecraft:interact_with_grindstone":1,"minecraft:leave_game":2,"minecraft:time_since_death":2465,"minecraft:walk_on_water_one_cm":375,"minecraft:sleep_in_bed":1,"minecraft:total_world_time":316465,"minecraft:fall_one_cm":25373},"minecraft:mined":{"minecraft:spruce_stairs":2,"minecraft:birch_log":1,"treechop:chopped_log":2,"minecraft:grass":7,"minecraft:grass_block":3,"biomesoplenty:fir_leaves":1,"minecraft:dirt_path":4,"minecraft:dirt":12,"minecraft:cobblestone":3,"minecraft:stone":22,"minecraft:fern":1},"minecraft:used":{"minecraft:stone_shovel":9,"minecraft:bread":5,"minecraft:stone_pickaxe":27,"minecraft:wooden_pickaxe":3,"minecraft:cooked_salmon":3,"minecraft:stone_axe":28,"minecraft:dirt":10,"minecraft:sweet_berries":16,"minecraft:crafting_table":2,"minecraft:furnace":2}},"DataVersion":3465}