{"stats":{"minecraft:crafted":{"minecraft:birch_planks":4,"minecraft:crafting_table":1},"minecraft:custom":{"minecraft:time_since_rest":13832,"minecraft:crouch_one_cm":490,"minecraft:play_time":13832,"minecraft:sprint_one_cm":21158,"minecraft:damage_taken":155,"minecraft:walk_one_cm":4658,"minecraft:sneak_time":143,"minecraft:jump":248,"minecraft:damage_dealt":8,"minecraft:leave_game":1,"minecraft:time_since_death":13832,"minecraft:total_world_time":13832,"minecraft:fall_one_cm":11456,"minecraft:fly_one_cm":46141},"minecraft:picked_up":{"minecraft:birch_log":1,"minecraft:wheat_seeds":2,"minecraft:dirt":2,"minecraft:cobblestone":5},"minecraft:used":{"minecraft:dirt":2,"minecraft:crafting_table":1},"minecraft:mined":{"minecraft:grass":7,"minecraft:grass_block":1,"minecraft:birch_log":1}},"DataVersion":3465}